PRAGMA foreign_keys=OFF;
BEGIN TRANSACTION;
CREATE TABLE IF NOT EXISTS "django_migrations" ("id" integer NOT NULL PRIMARY KEY AUTOINCREMENT, "app" varchar(255) NOT NULL, "name" varchar(255) NOT NULL, "applied" datetime NOT NULL);
INSERT INTO django_migrations VALUES(1,'contenttypes','0001_initial','2025-02-16 09:15:22.103292');
INSERT INTO django_migrations VALUES(2,'contenttypes','0002_remove_content_type_name','2025-02-16 09:15:22.107378');
INSERT INTO django_migrations VALUES(3,'auth','0001_initial','2025-02-16 09:15:22.113822');
INSERT INTO django_migrations VALUES(4,'auth','0002_alter_permission_name_max_length','2025-02-16 09:15:22.117350');
INSERT INTO django_migrations VALUES(5,'auth','0003_alter_user_email_max_length','2025-02-16 09:15:22.119916');
INSERT INTO django_migrations VALUES(6,'auth','0004_alter_user_username_opts','2025-02-16 09:15:22.122479');
INSERT INTO django_migrations VALUES(7,'auth','0005_alter_user_last_login_null','2025-02-16 09:15:22.125267');
INSERT INTO django_migrations VALUES(8,'auth','0006_require_contenttypes_0002','2025-02-16 09:15:22.126100');
INSERT INTO django_migrations VALUES(9,'auth','0007_alter_validators_add_error_messages','2025-02-16 09:15:22.128750');
INSERT INTO django_migrations VALUES(10,'auth','0008_alter_user_username_max_length','2025-02-16 09:15:22.131598');
INSERT INTO django_migrations VALUES(11,'auth','0009_alter_user_last_name_max_length','2025-02-16 09:15:22.134127');
INSERT INTO django_migrations VALUES(12,'auth','0010_alter_group_name_max_length','2025-02-16 09:15:22.137768');
INSERT INTO django_migrations VALUES(13,'auth','0011_update_proxy_permissions','2025-02-16 09:15:22.141265');
INSERT INTO django_migrations VALUES(14,'auth','0012_alter_user_first_name_max_length','2025-02-16 09:15:22.143892');
INSERT INTO django_migrations VALUES(15,'accounts','0001_initial','2025-02-16 09:15:22.149319');
INSERT INTO django_migrations VALUES(16,'admin','0001_initial','2025-02-16 09:15:22.154284');
INSERT INTO django_migrations VALUES(17,'admin','0002_logentry_remove_auto_add','2025-02-16 09:15:22.159831');
INSERT INTO django_migrations VALUES(18,'admin','0003_logentry_add_action_flag_choices','2025-02-16 09:15:22.163482');
INSERT INTO django_migrations VALUES(19,'sessions','0001_initial','2025-02-16 09:15:22.165821');
INSERT INTO django_migrations VALUES(20,'authtoken','0001_initial','2025-02-19 06:46:02.703513');
INSERT INTO django_migrations VALUES(21,'authtoken','0002_auto_20160226_1747','2025-02-19 06:46:02.720149');
INSERT INTO django_migrations VALUES(22,'authtoken','0003_tokenproxy','2025-02-19 06:46:02.721898');
INSERT INTO django_migrations VALUES(23,'authtoken','0004_alter_tokenproxy_options','2025-02-19 06:46:02.724453');
INSERT INTO django_migrations VALUES(24,'weblinks','0001_initial','2025-02-19 06:49:35.036577');
INSERT INTO django_migrations VALUES(25,'weblinks','0002_weblink_shared_with','2025-02-19 08:39:21.090528');
INSERT INTO django_migrations VALUES(26,'weblinks','0003_weblink_write_permissions','2025-02-19 10:56:38.986458');
INSERT INTO django_migrations VALUES(27,'weblinks','0004_alter_weblink_write_permissions','2025-02-19 15:24:05.820503');
INSERT INTO django_migrations VALUES(28,'account','0001_initial','2025-02-20 11:12:33.223098');
INSERT INTO django_migrations VALUES(29,'account','0002_email_max_length','2025-02-20 11:12:33.232291');
INSERT INTO django_migrations VALUES(30,'account','0003_alter_emailaddress_create_unique_verified_email','2025-02-20 11:12:33.244154');
INSERT INTO django_migrations VALUES(31,'account','0004_alter_emailaddress_drop_unique_email','2025-02-20 11:12:33.252077');
INSERT INTO django_migrations VALUES(32,'account','0005_emailaddress_idx_upper_email','2025-02-20 11:12:33.258426');
INSERT INTO django_migrations VALUES(33,'account','0006_emailaddress_lower','2025-02-20 11:12:33.267113');
INSERT INTO django_migrations VALUES(34,'account','0007_emailaddress_idx_email','2025-02-20 11:12:33.280445');
INSERT INTO django_migrations VALUES(35,'account','0008_emailaddress_unique_primary_email_fixup','2025-02-20 11:12:33.288476');
INSERT INTO django_migrations VALUES(36,'account','0009_emailaddress_unique_primary_email','2025-02-20 11:12:33.295029');
INSERT INTO django_migrations VALUES(37,'socialaccount','0001_initial','2025-02-20 11:12:33.319300');
INSERT INTO django_migrations VALUES(38,'socialaccount','0002_token_max_lengths','2025-02-20 11:12:33.333898');
INSERT INTO django_migrations VALUES(39,'socialaccount','0003_extra_data_default_dict','2025-02-20 11:12:33.358606');
INSERT INTO django_migrations VALUES(40,'socialaccount','0004_app_provider_id_settings','2025-02-20 11:12:33.372413');
INSERT INTO django_migrations VALUES(41,'socialaccount','0005_socialtoken_nullable_app','2025-02-20 11:12:33.381840');
INSERT INTO django_migrations VALUES(42,'socialaccount','0006_alter_socialaccount_extra_data','2025-02-20 11:12:33.391086');
CREATE TABLE IF NOT EXISTS "django_content_type" ("id" integer NOT NULL PRIMARY KEY AUTOINCREMENT, "app_label" varchar(100) NOT NULL, "model" varchar(100) NOT NULL);
INSERT INTO django_content_type VALUES(1,'admin','logentry');
INSERT INTO django_content_type VALUES(2,'auth','permission');
INSERT INTO django_content_type VALUES(3,'auth','group');
INSERT INTO django_content_type VALUES(4,'contenttypes','contenttype');
INSERT INTO django_content_type VALUES(5,'sessions','session');
INSERT INTO django_content_type VALUES(6,'accounts','user');
INSERT INTO django_content_type VALUES(7,'authtoken','token');
INSERT INTO django_content_type VALUES(8,'authtoken','tokenproxy');
INSERT INTO django_content_type VALUES(9,'weblinks','weblink');
INSERT INTO django_content_type VALUES(10,'account','emailaddress');
INSERT INTO django_content_type VALUES(11,'account','emailconfirmation');
INSERT INTO django_content_type VALUES(12,'socialaccount','socialaccount');
INSERT INTO django_content_type VALUES(13,'socialaccount','socialapp');
INSERT INTO django_content_type VALUES(14,'socialaccount','socialtoken');
CREATE TABLE IF NOT EXISTS "auth_group_permissions" ("id" integer NOT NULL PRIMARY KEY AUTOINCREMENT, "group_id" integer NOT NULL REFERENCES "auth_group" ("id") DEFERRABLE INITIALLY DEFERRED, "permission_id" integer NOT NULL REFERENCES "auth_permission" ("id") DEFERRABLE INITIALLY DEFERRED);
CREATE TABLE IF NOT EXISTS "auth_permission" ("id" integer NOT NULL PRIMARY KEY AUTOINCREMENT, "content_type_id" integer NOT NULL REFERENCES "django_content_type" ("id") DEFERRABLE INITIALLY DEFERRED, "codename" varchar(100) NOT NULL, "name" varchar(255) NOT NULL);
INSERT INTO auth_permission VALUES(1,1,'add_logentry','Can add log entry');
INSERT INTO auth_permission VALUES(2,1,'change_logentry','Can change log entry');
INSERT INTO auth_permission VALUES(3,1,'delete_logentry','Can delete log entry');
INSERT INTO auth_permission VALUES(4,1,'view_logentry','Can view log entry');
INSERT INTO auth_permission VALUES(5,2,'add_permission','Can add permission');
INSERT INTO auth_permission VALUES(6,2,'change_permission','Can change permission');
INSERT INTO auth_permission VALUES(7,2,'delete_permission','Can delete permission');
INSERT INTO auth_permission VALUES(8,2,'view_permission','Can view permission');
INSERT INTO auth_permission VALUES(9,3,'add_group','Can add group');
INSERT INTO auth_permission VALUES(10,3,'change_group','Can change group');
INSERT INTO auth_permission VALUES(11,3,'delete_group','Can delete group');
INSERT INTO auth_permission VALUES(12,3,'view_group','Can view group');
INSERT INTO auth_permission VALUES(13,4,'add_contenttype','Can add content type');
INSERT INTO auth_permission VALUES(14,4,'change_contenttype','Can change content type');
INSERT INTO auth_permission VALUES(15,4,'delete_contenttype','Can delete content type');
INSERT INTO auth_permission VALUES(16,4,'view_contenttype','Can view content type');
INSERT INTO auth_permission VALUES(17,5,'add_session','Can add session');
INSERT INTO auth_permission VALUES(18,5,'change_session','Can change session');
INSERT INTO auth_permission VALUES(19,5,'delete_session','Can delete session');
INSERT INTO auth_permission VALUES(20,5,'view_session','Can view session');
INSERT INTO auth_permission VALUES(21,6,'add_user','Can add user');
INSERT INTO auth_permission VALUES(22,6,'change_user','Can change user');
INSERT INTO auth_permission VALUES(23,6,'delete_user','Can delete user');
INSERT INTO auth_permission VALUES(24,6,'view_user','Can view user');
INSERT INTO auth_permission VALUES(25,7,'add_token','Can add Token');
INSERT INTO auth_permission VALUES(26,7,'change_token','Can change Token');
INSERT INTO auth_permission VALUES(27,7,'delete_token','Can delete Token');
INSERT INTO auth_permission VALUES(28,7,'view_token','Can view Token');
INSERT INTO auth_permission VALUES(29,8,'add_tokenproxy','Can add Token');
INSERT INTO auth_permission VALUES(30,8,'change_tokenproxy','Can change Token');
INSERT INTO auth_permission VALUES(31,8,'delete_tokenproxy','Can delete Token');
INSERT INTO auth_permission VALUES(32,8,'view_tokenproxy','Can view Token');
INSERT INTO auth_permission VALUES(33,9,'add_weblink','Can add web link');
INSERT INTO auth_permission VALUES(34,9,'change_weblink','Can change web link');
INSERT INTO auth_permission VALUES(35,9,'delete_weblink','Can delete web link');
INSERT INTO auth_permission VALUES(36,9,'view_weblink','Can view web link');
INSERT INTO auth_permission VALUES(37,10,'add_emailaddress','Can add email address');
INSERT INTO auth_permission VALUES(38,10,'change_emailaddress','Can change email address');
INSERT INTO auth_permission VALUES(39,10,'delete_emailaddress','Can delete email address');
INSERT INTO auth_permission VALUES(40,10,'view_emailaddress','Can view email address');
INSERT INTO auth_permission VALUES(41,11,'add_emailconfirmation','Can add email confirmation');
INSERT INTO auth_permission VALUES(42,11,'change_emailconfirmation','Can change email confirmation');
INSERT INTO auth_permission VALUES(43,11,'delete_emailconfirmation','Can delete email confirmation');
INSERT INTO auth_permission VALUES(44,11,'view_emailconfirmation','Can view email confirmation');
INSERT INTO auth_permission VALUES(45,12,'add_socialaccount','Can add social account');
INSERT INTO auth_permission VALUES(46,12,'change_socialaccount','Can change social account');
INSERT INTO auth_permission VALUES(47,12,'delete_socialaccount','Can delete social account');
INSERT INTO auth_permission VALUES(48,12,'view_socialaccount','Can view social account');
INSERT INTO auth_permission VALUES(49,13,'add_socialapp','Can add social application');
INSERT INTO auth_permission VALUES(50,13,'change_socialapp','Can change social application');
INSERT INTO auth_permission VALUES(51,13,'delete_socialapp','Can delete social application');
INSERT INTO auth_permission VALUES(52,13,'view_socialapp','Can view social application');
INSERT INTO auth_permission VALUES(53,14,'add_socialtoken','Can add social application token');
INSERT INTO auth_permission VALUES(54,14,'change_socialtoken','Can change social application token');
INSERT INTO auth_permission VALUES(55,14,'delete_socialtoken','Can delete social application token');
INSERT INTO auth_permission VALUES(56,14,'view_socialtoken','Can view social application token');
CREATE TABLE IF NOT EXISTS "auth_group" ("id" integer NOT NULL PRIMARY KEY AUTOINCREMENT, "name" varchar(150) NOT NULL UNIQUE);
CREATE TABLE IF NOT EXISTS "accounts_user" ("id" integer NOT NULL PRIMARY KEY AUTOINCREMENT, "password" varchar(128) NOT NULL, "last_login" datetime NULL, "is_superuser" bool NOT NULL, "username" varchar(150) NOT NULL UNIQUE, "first_name" varchar(150) NOT NULL, "last_name" varchar(150) NOT NULL, "email" varchar(254) NOT NULL, "is_staff" bool NOT NULL, "is_active" bool NOT NULL, "date_joined" datetime NOT NULL);
INSERT INTO accounts_user VALUES(2,'pbkdf2_sha256$600000$rA7SElIDy9O5z2DmAXoH03$HyJtdzyf/Ofl9By95skiAZI635G21TlXWdzFpSwbadE=','2025-02-16 12:34:09.941135',0,'hyunzyam','','','',0,1,'2025-02-16 12:34:04.747887');
INSERT INTO accounts_user VALUES(3,'pbkdf2_sha256$600000$QrjjAq37aRLfC3mdJ2VXSU$LphUzXEuRZT+lX0pvvxEM+D7aEVZiF1lb1UJFupHMUI=','2025-02-16 12:46:38.638522',0,'hyunzyamyam','','','',0,1,'2025-02-16 12:46:31.959821');
INSERT INTO accounts_user VALUES(4,'pbkdf2_sha256$600000$nVfUO3jjcpCKEtitLh1a9p$QGBLLORCvHqI7wlChH6CF8qb2ujCGGIj9GA2g0WwDIA=',NULL,0,'hyunzyyyyy','','','',0,1,'2025-02-18 16:30:45.363967');
INSERT INTO accounts_user VALUES(5,'pbkdf2_sha256$600000$npN5AtkwAWDoUhHIzd4YEE$yYVABM8GT83L+d6Gj2NKsfToc7MuYUgV5s7A/35MT2M=',NULL,0,'hyun','','','',0,1,'2025-02-18 16:34:07.930797');
INSERT INTO accounts_user VALUES(6,'pbkdf2_sha256$600000$wSUDZb9K3IsZRnCjgZ6Njv$DKkhLJlalKw3FnRi32u82Cy/35ypS5kdpfZTDSNq5tc=','2025-02-18 16:35:29.127718',0,'aaa','','','',0,1,'2025-02-18 16:35:28.621549');
INSERT INTO accounts_user VALUES(7,'pbkdf2_sha256$600000$wYVsfUlw9gIG7LuBE0yP6u$fJpCpGKAsqakX6FNYvpfPLJFi7kRdYKN+EhHTHmHgns=','2025-02-18 16:37:37.343800',0,'hyunzzzz','','','',0,1,'2025-02-18 16:37:36.820509');
INSERT INTO accounts_user VALUES(8,'pbkdf2_sha256$600000$01RmcA5rr6F7jDexH5uQMX$iIFCI1kAcdGyt7j/FvfJyW/6lhyKbtF7utXqY5KhUVs=','2025-02-18 16:43:07.354496',0,'aaaa1234','','','',0,1,'2025-02-18 16:43:06.872277');
INSERT INTO accounts_user VALUES(9,'pbkdf2_sha256$600000$HiKXdOfvV0trzoGZQYFJSe$BdztUGhOj/AJ6CN3R5ltMoiZzGmMTizQC3DQlqS7hVM=','2025-02-18 16:44:02.875793',0,'ssss123','','','',0,1,'2025-02-18 16:44:02.321084');
INSERT INTO accounts_user VALUES(10,'pbkdf2_sha256$600000$ethKIKi1tUruWlAerZdiIM$DzFpgRjBgVMfL9c4IkiXI9UBb5SPaboIs9FUcLo3BYM=','2025-02-18 18:15:33.625815',0,'qqqq123','','','',0,1,'2025-02-18 18:15:33.073215');
INSERT INTO accounts_user VALUES(11,'pbkdf2_sha256$600000$LRIm2sgZFmXZG6yQv5vte6$jqXUcnjp3U3tnAZze2+P8ULlTUexYGdybBm86IdJzJo=','2025-02-19 06:00:38.057958',0,'qqqq1111','','','',0,1,'2025-02-19 06:00:37.574792');
INSERT INTO accounts_user VALUES(12,'pbkdf2_sha256$600000$iE8oEPGg6IDRMI3cRGlo1K$zxOuy+TQ2YNiNlb7GaYu7K/MjVIm4CbDh1+a1uNEPeA=','2025-02-19 06:01:32.500577',0,'1112qqqq','','','',0,1,'2025-02-19 06:01:31.951157');
INSERT INTO accounts_user VALUES(13,'pbkdf2_sha256$600000$CMyXbCk7PYQXsu2TsfXg77$Zgq+EZG6I5Ocdm7l1n19+dBrhozUdKPRbNFQVXZxGYE=','2025-02-19 06:02:51.540137',0,'qqww1111','','','',0,1,'2025-02-19 06:02:51.048173');
INSERT INTO accounts_user VALUES(14,'pbkdf2_sha256$600000$zFVlqCPCzjnG90qHlE7rTp$XyeqH5Y37lmBsPTjgxrG2KqPBcQAYUfXxygmoDjZgBA=','2025-02-19 06:04:42.213310',0,'sssss12121','','','',0,1,'2025-02-19 06:04:41.691635');
INSERT INTO accounts_user VALUES(15,'pbkdf2_sha256$600000$PjHHeTLTm19isLY69YYnbE$2qGgKpU3GtvAbhYrv+hYMHdUUlv7c/+qxGASbC+baV4=','2025-02-22 23:14:29.124378',1,'hyunzy','','','',1,1,'2025-02-19 08:59:01.445580');
INSERT INTO accounts_user VALUES(16,'pbkdf2_sha256$600000$wtFqoYui0S1zCYTdkZRC6B$qg1+jotjhX8fpP9Fdxcx5yI+lDejrQLlmBhAjXuZeIk=','2025-02-19 09:45:25.580298',0,'hyunzyhyunzy','','','',0,1,'2025-02-19 09:45:25.077597');
INSERT INTO accounts_user VALUES(17,'pbkdf2_sha256$600000$osnofJv3Gjzfc6YDhgEk1s$jmYsA7B2ASU8/dW5D5t0UOo+KxdQrRnvA0NoQNtHHgw=','2025-02-19 11:01:26.405615',0,'hyunzyhyunzyhyunzyhyunzy','','','',0,1,'2025-02-19 11:01:25.905858');
INSERT INTO accounts_user VALUES(18,'','2025-02-22 16:37:53.242978',0,'강현지','','','youwho1457@naver.com',0,1,'2025-02-20 11:53:17.172040');
INSERT INTO accounts_user VALUES(19,'pbkdf2_sha256$870000$4SLsW6VtqoZYFsxVRaynkv$7dnupVUA+uJMP1qTv1unkuIZlpB8r7N+l8oXpp0NrOs=','2025-02-20 12:52:09.113818',0,'hyun123','','','',0,1,'2025-02-20 12:52:08.356494');
INSERT INTO accounts_user VALUES(20,'pbkdf2_sha256$870000$PfSCbS2GqTInW8J6CEZBus$0ipfoL0er4lqfye6nD8udNU8gdvTJaP9rMXMQxw1IVg=','2025-02-22 12:22:33.756384',0,'hyun123hyun123hyun123hyun123hyun123hyun123hyun123hyun123','','','',0,1,'2025-02-21 19:14:32.134618');
INSERT INTO accounts_user VALUES(21,'pbkdf2_sha256$870000$LETAss3oJ3qAr3SSy0nWrJ$fE2TTnLMv7EADuomJaVn9OjefZLQKr3vOwus80QLBy0=','2025-02-21 19:15:48.406681',0,'kang','','','',0,1,'2025-02-21 19:15:42.107621');
INSERT INTO accounts_user VALUES(22,'pbkdf2_sha256$870000$p1XybDVeI8Govd4yZctWKS$AEgEHjTdqTKKlITOWczXdM98Im/ON6cJzZiJAUW4Bx8=','2025-02-22 07:51:34.872833',0,'kangkang','','','',0,1,'2025-02-21 19:16:03.395926');
INSERT INTO accounts_user VALUES(23,'','2025-02-22 22:35:32.327225',0,'hyunzy engel','','','engelhyunzy@gmail.com',0,1,'2025-02-22 16:20:20.214431');
CREATE TABLE IF NOT EXISTS "accounts_user_groups" ("id" integer NOT NULL PRIMARY KEY AUTOINCREMENT, "user_id" bigint NOT NULL REFERENCES "accounts_user" ("id") DEFERRABLE INITIALLY DEFERRED, "group_id" integer NOT NULL REFERENCES "auth_group" ("id") DEFERRABLE INITIALLY DEFERRED);
CREATE TABLE IF NOT EXISTS "accounts_user_user_permissions" ("id" integer NOT NULL PRIMARY KEY AUTOINCREMENT, "user_id" bigint NOT NULL REFERENCES "accounts_user" ("id") DEFERRABLE INITIALLY DEFERRED, "permission_id" integer NOT NULL REFERENCES "auth_permission" ("id") DEFERRABLE INITIALLY DEFERRED);
CREATE TABLE IF NOT EXISTS "django_admin_log" ("id" integer NOT NULL PRIMARY KEY AUTOINCREMENT, "object_id" text NULL, "object_repr" varchar(200) NOT NULL, "action_flag" smallint unsigned NOT NULL CHECK ("action_flag" >= 0), "change_message" text NOT NULL, "content_type_id" integer NULL REFERENCES "django_content_type" ("id") DEFERRABLE INITIALLY DEFERRED, "user_id" bigint NOT NULL REFERENCES "accounts_user" ("id") DEFERRABLE INITIALLY DEFERRED, "action_time" datetime NOT NULL);
CREATE TABLE IF NOT EXISTS "django_session" ("session_key" varchar(40) NOT NULL PRIMARY KEY, "session_data" text NOT NULL, "expire_date" datetime NOT NULL);
INSERT INTO django_session VALUES('7gm40gib7j1ol9j91j0qztce4mwngz3f','e30:1tkQXw:fQiHHJFSa0Qs-DDFzDPJRoL3hvcGnu6G44x73emLP40','2025-03-04 16:34:08.449544');
INSERT INTO django_session VALUES('dlujatmgtprq85f5xb2aeaze7wlz8dyl','e30:1tkQgd:sPHMzcSA0un-XP1QUgR66rv7llT1MVgI2Z93msM34qo','2025-03-04 16:43:07.353036');
INSERT INTO django_session VALUES('8bympyp5l7liydsoq5jcsdecj28pn3so','.eJxVjDsOwjAQBe_iGln-JI6Xkj5nsDa7axxAsZRPhbg7iZQC2pl5760SbmtJ2yJzGlldlVWXXzYgPWU6BD9wuldNdVrncdBHok-76L6yvG5n-3dQcCn7OiL7HCFmgmANmzBACF2LxECReAcdZOectM5LaxqLhDaCE5NtI96ozxfmKzeq:1tkd81:U2zjME22BTUu-dRhR__uBBMjQ8J3cHmR8ADJW7ewLRs','2025-02-19 06:00:13.387037');
INSERT INTO django_session VALUES('qz5f2s94twa4c1iw7dwkur1qe8h7y1fk','.eJxVjDsOwjAQBe_iGln-JI6Xkj5nsDa7axxAsZRPhbg7iZQC2pl5760SbmtJ2yJzGlldlVWXXzYgPWU6BD9wuldNdVrncdBHok-76L6yvG5n-3dQcCn7OiL7HCFmgmANmzBACF2LxECReAcdZOectM5LaxqLhDaCE5NtI96ozxfmKzeq:1tkd85:sxzByJoQZt2cekhXwt_VdPU-WBnrOvLeKMOByuLEPQM','2025-02-19 06:00:17.331844');
INSERT INTO django_session VALUES('ne7okb3c6eca9cbyikp6bxj5n4b0qo9s','.eJxVjDsOwjAQBe_iGln-JI6Xkj5nsDa7axxAsZRPhbg7iZQC2pl5760SbmtJ2yJzGlldlVWXXzYgPWU6BD9wuldNdVrncdBHok-76L6yvG5n-3dQcCn7OiL7HCFmgmANmzBACF2LxECReAcdZOectM5LaxqLhDaCE5NtI96ozxfmKzeq:1tkd8B:j_UMcy_hVxBR6_OZegS60Qa1nCX_gpP2AawHabqHYd0','2025-02-19 06:00:23.269295');
INSERT INTO django_session VALUES('bmafveo4mnmgec662e7k969z7b6qrg3n','.eJxVjEsOwjAMBe-SNYriOElbluw5Q2Q7Li2gRupnhbg7VOoCtm9m3stk2tYhb4vOeSzmbADM6XdkkodOOyl3mm7VSp3WeWS7K_agi73Wos_L4f4dDLQM31p80zI5p4Bee6YQnUryqTjqYwseIiqVHhuGgEjRs-uCtIlRGsEOzPsDClY33w:1tkd8Q:DxwZa_NTbbwsypZwbYn90l0NXwBI5-_CG34FU5VmXS4','2025-02-19 06:00:38.059501');
INSERT INTO django_session VALUES('nm1tilvueup6ias6olp4ih2sfn4dp9r5','.eJxVjDsOwjAQBe_iGlmOf9mlpOcM1npt4wBypDipEHeHSCmgfTPzXiLQttaw9byEKYmzGLQ4_Y6R-JHbTtKd2m2WPLd1maLcFXnQLq9zys_L4f4dVOr1W2O2ptis1aiUJigOkVHpAmVAdjwmDwZcNugsaE8KVSIPFpkZI2oj3h_n4Tc6:1tkd9I:VRaPkjJtLGpg-lTfy5vxuKVcIgx-XvwIs7IXEm4Kc4w','2025-02-19 06:01:32.503598');
INSERT INTO django_session VALUES('kjuemx1i9ckhexw65dmutrq7wmafprlf','.eJxVjDkOwjAURO_iGln-2PFCSc8Zor_YOIAcKUuFuDuJlAI03bw381Y9rkvt1zlP_SDqosCq029JyM_cdiIPbPdR89iWaSC9K_qgs76Nkl_Xw_07qDjXbV1iyo7YFYGzdRCNlYTMBOxL9F0wnYAvyRBCpAA-ZLK8BZNEoBLU5wsS6jhn:1tkdAZ:1EduUJHea43bWFihKZUeyklae49TpjzEj_0MeahW4-g','2025-02-19 06:02:51.542588');
INSERT INTO django_session VALUES('2e1rk2wrbpazydbrhtcncyyfy6kh3k6e','.eJxVjDsOwjAQBe_iGln-JI6Xkj5nsDa7axxAsZRPhbg7iZQC2pl5760SbmtJ2yJzGlldlVWXXzYgPWU6BD9wuldNdVrncdBHok-76L6yvG5n-3dQcCn7OiL7HCFmgmANmzBACF2LxECReAcdZOectM5LaxqLhDaCE5NtI96ozxfmKzeq:1tkdAn:6KyFoUaHNY-nu85AmLBWe2oVuOkdZAbcAILqP36k6Js','2025-02-19 06:03:05.341581');
INSERT INTO django_session VALUES('skobu2ad8t460ep9fhaj96pbloso3pqv','.eJxVjEEOwiAQRe_C2hCgHQSX7nsGMjCDVA0kpV0Z765NutDtf-_9lwi4rSVsnZcwk7gIDeL0O0ZMD647oTvWW5Op1XWZo9wVedAup0b8vB7u30HBXr415uSVYm_BZ03ZuNEN7BIZZ7ICTIOCMRNgzI4B0Maz9UxaKyIwNoJ4fwAYnDhx:1tkijC:OzUWsbzTysxjU3aQdW8C2hux0i88UkvgH8ST4jJFNis','2025-03-05 11:58:58.044813');
INSERT INTO django_session VALUES('26oe0szralq3qb5qubuhwd4748cxoup9','.eJxVjMsOgjAQRf-la9NQis7UpXu-gcwLQU1JKKyM_y4kLHR7zzn37Tpal6Fbi83dqO7qArrT78gkT8s70Qfl--Rlyss8st8Vf9Di20ntdTvcv4OByrDVUYKyJG1qCRYQIFlDgpGTRYqKvXC0uAmgUCGdMUgPPUHDgNWlFvf5AizeONk:1tlDhU:2a5lWlYX_LkEfSsrO0uYrbzoK3mHp7I6NjrHHtoPfJ4','2025-03-06 21:03:16.740676');
INSERT INTO django_session VALUES('7gq1t1otelbfcu5zw5jbjdya1i5hrati','e30:1tlY6H:FNvt5yfwutNfE5eCMnAkL-2YwWu-m9AmfWJ-wF36P00','2025-03-07 18:50:13.786003');
INSERT INTO django_session VALUES('7vfbxosu1dx8wvrzdgz8any7ono8cf5f','e30:1tlYCM:d6JzYcrPdPBHQLt2J4Y4tbeXPt-PxThBfRctcZGd_aQ','2025-03-07 18:56:30.133201');
INSERT INTO django_session VALUES('uc3ku7xnk8v3bnhoeeuwnqxfoqnzyie9','e30:1tlYF6:hr8QLwEqSAh1IrKLmr2WkjqwPKEbAMpCsdwe2B9nyUw','2025-03-07 18:59:20.848510');
INSERT INTO django_session VALUES('0kj6ih1430fx7m61x0k2wjex3dy0sw93','e30:1tlYFU:wlqExnCg5zVSDz92LBFBvbPSjxl6CQd4Usi0y-sZiGg','2025-03-07 18:59:44.323697');
INSERT INTO django_session VALUES('qoca9xa5i5zjlqfsjmhkff9l9lctnril','e30:1tlYG6:SbWMDiJDqHVlGHrePKe4cuKUFKjH1pebVK6Suy3ekHM','2025-03-07 19:00:22.001944');
INSERT INTO django_session VALUES('vqlxckz9p6272971bwfn1efct08sxhfj','e30:1tlYJY:ffQF2eU5T-2TfChb3D1gzpMQPjC1qxh1mBXI_OpPZ8Q','2025-03-07 19:03:56.820453');
INSERT INTO django_session VALUES('xh0i4pr6ml645d4uxwktu6jknmy1ahe1','e30:1tlYM2:vQzuJLyctTIdOE-BMVmvGSK2PVXMJj_vUbM82LaGcYg','2025-03-07 19:06:30.626741');
INSERT INTO django_session VALUES('2nvbg9380h7qdefaq9kt9fygi7bkp7qg','e30:1tlYMm:TRsrt3X-9pfiKuJLMiERnMYnnZW_tNcmWfi2sVVftzc','2025-03-07 19:07:16.822193');
INSERT INTO django_session VALUES('fyykwb9a7a0lgg5gdjbaxw36wl2zd3e6','.eJxVjDEOwjAMRe-SGUVOHErCyM4ZKsd2aQElUtNOiLtDpQ6w_vfef5me1mXs16ZzP4k5G3c0h98xEz-0bETuVG7Vci3LPGW7KXanzV6r6POyu38HI7XxW2NGppgoRR9ShzyglyE4RzEGjgjOK3QuwADuBKKgGgTZY5Auc4pg3h_v0jdl:1tlkJ5:0rnFDRqKIJIHS3WJn5Z5O-pwXL-YN9u5ZV6IUAXdoe4','2025-03-08 07:52:15.051789');
INSERT INTO django_session VALUES('h3hsqrsclabjq7ke2a0z88zyzqwk89e4','.eJxVjDEOwjAMRe-SGUVOHErCyM4ZKsd2aQElUtNOiLtDpQ6w_vfef5me1mXs16ZzP4k5G3c0h98xEz-0bETuVG7Vci3LPGW7KXanzV6r6POyu38HI7XxW2NGppgoRR9ShzyglyE4RzEGjgjOK3QuwADuBKKgGgTZY5Auc4pg3h_v0jdl:1tln5F:yiJBh5Nt4jagvyna2wgRC9U7sv4sZbdf9Tv8X8s98QI','2025-03-08 10:50:09.039100');
INSERT INTO django_session VALUES('ok5ahbzlmfa2yah5aqh2tthkk6thxmoz','.eJxVjDEOwjAMRe-SGUVOHErCyM4ZKsd2aQElUtNOiLtDpQ6w_vfef5me1mXs16ZzP4k5G3c0h98xEz-0bETuVG7Vci3LPGW7KXanzV6r6POyu38HI7XxW2NGppgoRR9ShzyglyE4RzEGjgjOK3QuwADuBKKgGgTZY5Auc4pg3h_v0jdl:1tlqGz:SDJd2vjJ_vVEjmLddLDcQZNyZFG2Z8G5z4ObTmOl67A','2025-03-08 14:14:29.717609');
INSERT INTO django_session VALUES('wx1tec6ujhym0k4f2dyfydkbjwfdr83h','.eJxVjDsOwjAQBe_iGlm72OsPJT1nsPxZkwCKpTipEHcnkVJA-2bmvUWI6zKEtfMcxiIuAkmcfscU85OnnZRHnO5N5jYt85jkrsiDdnlrhV_Xw_07GGIftpoYLGmTdXXVAWMEQxqr81Q8F1JoEX32vnIEqsYqA2ftAdOGlEkgPl_nPDbB:1tluxU:1s6JngYTfNrkWqfH5tTa4C6Zckw8H-EXnuKcixyZIfA','2025-03-08 19:14:40.508627');
INSERT INTO django_session VALUES('kyi70xt3c6uydwmae646xnh21zegj15d','.eJxVjDsOwjAQBe_iGlm72OsPJT1nsPxZkwCKpTipEHcnkVJA-2bmvUWI6zKEtfMcxiIuAkmcfscU85OnnZRHnO5N5jYt85jkrsiDdnlrhV_Xw_07GGIftpoYLGmTdXXVAWMEQxqr81Q8F1JoEX32vnIEqsYqA2ftAdOGlEkgPl_nPDbB:1tlxh5:7j3bw0lX_J47fH5uIVRkGhKdgLx5nYSS6IAv8OLY1_Y','2025-03-08 22:09:55.975051');
INSERT INTO django_session VALUES('r5c0ld5l4l9wras0o7cmr628pi448hi5','.eJxVjDsOwjAQBe_iGlm72OsPJT1nsPxZkwCKpTipEHcnkVJA-2bmvUWI6zKEtfMcxiIuAkmcfscU85OnnZRHnO5N5jYt85jkrsiDdnlrhV_Xw_07GGIftpoYLGmTdXXVAWMEQxqr81Q8F1JoEX32vnIEqsYqA2ftAdOGlEkgPl_nPDbB:1tlyhZ:x43w5fZpHTFnKmTtu4Vzy3hppmF9Re1g-yLdv2iQek0','2025-03-08 23:14:29.420188');
CREATE TABLE IF NOT EXISTS "authtoken_token" ("key" varchar(40) NOT NULL PRIMARY KEY, "created" datetime NOT NULL, "user_id" bigint NOT NULL UNIQUE REFERENCES "accounts_user" ("id") DEFERRABLE INITIALLY DEFERRED);
INSERT INTO authtoken_token VALUES('71977738583acd55a2037403cc3ced268357b16c','2025-02-19 09:00:45.153607',15);
CREATE TABLE IF NOT EXISTS "weblinks_weblink" ("id" integer NOT NULL PRIMARY KEY AUTOINCREMENT, "name" varchar(255) NOT NULL, "url" varchar(200) NOT NULL, "category" varchar(50) NOT NULL, "created_at" datetime NOT NULL, "created_by_id" bigint NOT NULL REFERENCES "accounts_user" ("id") DEFERRABLE INITIALLY DEFERRED);
INSERT INTO weblinks_weblink VALUES(11,'111링크이름수정12ㅇ','https://programmers.co.kr/','work','2025-02-19 10:20:45.019714',15);
INSERT INTO weblinks_weblink VALUES(13,'hyunzyhyunzy','https://programmers.co.kr/','reference','2025-02-19 10:33:02.027916',15);
INSERT INTO weblinks_weblink VALUES(17,'hyunzyPut','https://programmers.co.kr/','reference','2025-02-19 11:03:05.554503',17);
INSERT INTO weblinks_weblink VALUES(18,'hyunzy','https://programmers.co.kr/','work','2025-02-19 11:12:12.143090',17);
INSERT INTO weblinks_weblink VALUES(19,'hyunzy','https://programmers.co.kr/','reference','2025-02-19 11:16:47.456859',17);
INSERT INTO weblinks_weblink VALUES(29,'hyunzydev','https://programmers.co.kr/','work','2025-02-19 15:49:38.846583',15);
INSERT INTO weblinks_weblink VALUES(37,'hyun123','https://programmers.co.kr/','reference','2025-02-19 16:48:05.254835',15);
INSERT INTO weblinks_weblink VALUES(38,'abcabc참고카테고리로이동!','https://programmers.co.kr/','reference','2025-02-19 16:48:12.733800',15);
INSERT INTO weblinks_weblink VALUES(39,'add123','https://programmers.co.kr/','work','2025-02-19 16:53:39.071188',15);
INSERT INTO weblinks_weblink VALUES(40,'hyunzy','https://programmers.co.kr/','work','2025-02-19 17:29:48.844255',15);
INSERT INTO weblinks_weblink VALUES(41,'hyunzy','https://programmers.co.kr/','work','2025-02-19 17:41:48.273580',15);
INSERT INTO weblinks_weblink VALUES(43,'e','https://programmers.co.kr/','personal','2025-02-19 20:23:17.401367',15);
INSERT INTO weblinks_weblink VALUES(45,'hyun','https://programmers.co.kr/','reference','2025-02-20 12:36:08.913196',18);
INSERT INTO weblinks_weblink VALUES(47,'hyun123','https://programmers.co.kr/','work','2025-02-21 18:04:48.694549',18);
INSERT INTO weblinks_weblink VALUES(48,'12','https://programmers.co.kr/','work','2025-02-21 19:12:40.766294',15);
INSERT INTO weblinks_weblink VALUES(49,'hyun123','https://programmers.co.kr/','personal','2025-02-22 07:29:17.959874',15);
INSERT INTO weblinks_weblink VALUES(50,'강강','https://programmers.co.kr/','work','2025-02-22 07:51:47.890343',22);
INSERT INTO weblinks_weblink VALUES(51,'수정12345678910','https://programmers.co.kr/','reference','2025-02-22 12:00:00.722900',20);
INSERT INTO weblinks_weblink VALUES(52,'강현지1122','https://programmers.co.kr/','personal','2025-02-22 15:34:15.436310',15);
INSERT INTO weblinks_weblink VALUES(53,'hyunzylover','https://papago.naver.com/','reference','2025-02-22 21:12:19.438208',15);
INSERT INTO weblinks_weblink VALUES(54,'hyunzylov','https://papago.naver.com/','work','2025-02-22 21:13:02.348620',23);
INSERT INTO weblinks_weblink VALUES(55,'개인 업무 공유','https://github.com/','personal','2025-02-22 22:29:23.974121',23);
INSERT INTO weblinks_weblink VALUES(56,'함께 공유','https://github.com/','work','2025-02-22 22:30:14.580245',23);
INSERT INTO weblinks_weblink VALUES(57,'참고 자료','https://github.com/','reference','2025-02-22 22:31:26.852608',23);
INSERT INTO weblinks_weblink VALUES(58,'교육자료 추가','https://papago.naver.com/','education','2025-02-22 23:14:52.486058',15);
INSERT INTO weblinks_weblink VALUES(59,'교육 링크 - 1','https://papago.naver.com/','education','2025-02-22 23:15:15.346562',15);
CREATE TABLE IF NOT EXISTS "weblinks_weblink_shared_with" ("id" integer NOT NULL PRIMARY KEY AUTOINCREMENT, "weblink_id" bigint NOT NULL REFERENCES "weblinks_weblink" ("id") DEFERRABLE INITIALLY DEFERRED, "user_id" bigint NOT NULL REFERENCES "accounts_user" ("id") DEFERRABLE INITIALLY DEFERRED);
INSERT INTO weblinks_weblink_shared_with VALUES(1,11,8);
INSERT INTO weblinks_weblink_shared_with VALUES(2,11,19);
INSERT INTO weblinks_weblink_shared_with VALUES(4,11,18);
INSERT INTO weblinks_weblink_shared_with VALUES(5,11,17);
INSERT INTO weblinks_weblink_shared_with VALUES(6,11,6);
INSERT INTO weblinks_weblink_shared_with VALUES(7,11,5);
INSERT INTO weblinks_weblink_shared_with VALUES(9,11,10);
INSERT INTO weblinks_weblink_shared_with VALUES(10,11,21);
INSERT INTO weblinks_weblink_shared_with VALUES(11,11,20);
INSERT INTO weblinks_weblink_shared_with VALUES(12,51,15);
INSERT INTO weblinks_weblink_shared_with VALUES(13,11,9);
INSERT INTO weblinks_weblink_shared_with VALUES(14,49,6);
INSERT INTO weblinks_weblink_shared_with VALUES(15,43,20);
INSERT INTO weblinks_weblink_shared_with VALUES(17,43,6);
INSERT INTO weblinks_weblink_shared_with VALUES(18,49,12);
INSERT INTO weblinks_weblink_shared_with VALUES(20,48,18);
INSERT INTO weblinks_weblink_shared_with VALUES(21,48,8);
INSERT INTO weblinks_weblink_shared_with VALUES(23,52,22);
INSERT INTO weblinks_weblink_shared_with VALUES(24,52,6);
INSERT INTO weblinks_weblink_shared_with VALUES(25,38,8);
INSERT INTO weblinks_weblink_shared_with VALUES(26,38,5);
INSERT INTO weblinks_weblink_shared_with VALUES(28,39,17);
INSERT INTO weblinks_weblink_shared_with VALUES(30,29,5);
INSERT INTO weblinks_weblink_shared_with VALUES(32,13,8);
INSERT INTO weblinks_weblink_shared_with VALUES(33,53,19);
INSERT INTO weblinks_weblink_shared_with VALUES(34,54,15);
CREATE TABLE IF NOT EXISTS "weblinks_weblink_write_permissions" ("id" integer NOT NULL PRIMARY KEY AUTOINCREMENT, "weblink_id" bigint NOT NULL REFERENCES "weblinks_weblink" ("id") DEFERRABLE INITIALLY DEFERRED, "user_id" bigint NOT NULL REFERENCES "accounts_user" ("id") DEFERRABLE INITIALLY DEFERRED);
INSERT INTO weblinks_weblink_write_permissions VALUES(6,18,3);
INSERT INTO weblinks_weblink_write_permissions VALUES(11,13,3);
INSERT INTO weblinks_weblink_write_permissions VALUES(13,17,3);
INSERT INTO weblinks_weblink_write_permissions VALUES(14,19,3);
INSERT INTO weblinks_weblink_write_permissions VALUES(32,11,8);
INSERT INTO weblinks_weblink_write_permissions VALUES(33,11,19);
INSERT INTO weblinks_weblink_write_permissions VALUES(35,11,18);
INSERT INTO weblinks_weblink_write_permissions VALUES(36,11,17);
INSERT INTO weblinks_weblink_write_permissions VALUES(37,11,6);
INSERT INTO weblinks_weblink_write_permissions VALUES(38,11,5);
INSERT INTO weblinks_weblink_write_permissions VALUES(40,11,10);
INSERT INTO weblinks_weblink_write_permissions VALUES(41,11,21);
INSERT INTO weblinks_weblink_write_permissions VALUES(42,11,20);
INSERT INTO weblinks_weblink_write_permissions VALUES(43,51,15);
INSERT INTO weblinks_weblink_write_permissions VALUES(44,11,9);
INSERT INTO weblinks_weblink_write_permissions VALUES(45,49,6);
INSERT INTO weblinks_weblink_write_permissions VALUES(46,43,20);
INSERT INTO weblinks_weblink_write_permissions VALUES(48,43,6);
INSERT INTO weblinks_weblink_write_permissions VALUES(49,49,12);
INSERT INTO weblinks_weblink_write_permissions VALUES(51,48,8);
INSERT INTO weblinks_weblink_write_permissions VALUES(53,52,22);
INSERT INTO weblinks_weblink_write_permissions VALUES(54,52,6);
INSERT INTO weblinks_weblink_write_permissions VALUES(55,38,8);
INSERT INTO weblinks_weblink_write_permissions VALUES(56,38,5);
INSERT INTO weblinks_weblink_write_permissions VALUES(58,39,17);
INSERT INTO weblinks_weblink_write_permissions VALUES(60,29,5);
INSERT INTO weblinks_weblink_write_permissions VALUES(62,13,8);
INSERT INTO weblinks_weblink_write_permissions VALUES(63,53,19);
INSERT INTO weblinks_weblink_write_permissions VALUES(64,54,15);
CREATE TABLE IF NOT EXISTS "account_emailconfirmation" ("id" integer NOT NULL PRIMARY KEY AUTOINCREMENT, "created" datetime NOT NULL, "sent" datetime NULL, "key" varchar(64) NOT NULL UNIQUE, "email_address_id" integer NOT NULL REFERENCES "account_emailaddress" ("id") DEFERRABLE INITIALLY DEFERRED);
CREATE TABLE IF NOT EXISTS "account_emailaddress" ("id" integer NOT NULL PRIMARY KEY AUTOINCREMENT, "verified" bool NOT NULL, "primary" bool NOT NULL, "user_id" bigint NOT NULL REFERENCES "accounts_user" ("id") DEFERRABLE INITIALLY DEFERRED, "email" varchar(254) NOT NULL);
CREATE TABLE IF NOT EXISTS "socialaccount_socialapp" ("id" integer NOT NULL PRIMARY KEY AUTOINCREMENT, "provider" varchar(30) NOT NULL, "name" varchar(40) NOT NULL, "client_id" varchar(191) NOT NULL, "secret" varchar(191) NOT NULL, "key" varchar(191) NOT NULL, "provider_id" varchar(200) NOT NULL, "settings" text NOT NULL CHECK ((JSON_VALID("settings") OR "settings" IS NULL)));
CREATE TABLE IF NOT EXISTS "socialaccount_socialtoken" ("id" integer NOT NULL PRIMARY KEY AUTOINCREMENT, "token" text NOT NULL, "token_secret" text NOT NULL, "expires_at" datetime NULL, "account_id" integer NOT NULL REFERENCES "socialaccount_socialaccount" ("id") DEFERRABLE INITIALLY DEFERRED, "app_id" integer NULL REFERENCES "socialaccount_socialapp" ("id") DEFERRABLE INITIALLY DEFERRED);
CREATE TABLE IF NOT EXISTS "socialaccount_socialaccount" ("id" integer NOT NULL PRIMARY KEY AUTOINCREMENT, "provider" varchar(200) NOT NULL, "uid" varchar(191) NOT NULL, "last_login" datetime NOT NULL, "date_joined" datetime NOT NULL, "user_id" bigint NOT NULL REFERENCES "accounts_user" ("id") DEFERRABLE INITIALLY DEFERRED, "extra_data" text NOT NULL CHECK ((JSON_VALID("extra_data") OR "extra_data" IS NULL)));
INSERT INTO socialaccount_socialaccount VALUES(1,'google','116483808980959220329','2025-02-20 11:53:17.181775','2025-02-20 11:53:17.181833',18,'{}');
INSERT INTO socialaccount_socialaccount VALUES(2,'google','112718831615858946673','2025-02-22 16:20:20.221476','2025-02-22 16:20:20.221515',23,'{}');
DELETE FROM sqlite_sequence;
INSERT INTO sqlite_sequence VALUES('django_migrations',42);
INSERT INTO sqlite_sequence VALUES('django_content_type',14);
INSERT INTO sqlite_sequence VALUES('auth_permission',56);
INSERT INTO sqlite_sequence VALUES('auth_group',0);
INSERT INTO sqlite_sequence VALUES('django_admin_log',0);
INSERT INTO sqlite_sequence VALUES('accounts_user',23);
INSERT INTO sqlite_sequence VALUES('weblinks_weblink',59);
INSERT INTO sqlite_sequence VALUES('weblinks_weblink_write_permissions',64);
INSERT INTO sqlite_sequence VALUES('account_emailaddress',0);
INSERT INTO sqlite_sequence VALUES('socialaccount_socialapp',0);
INSERT INTO sqlite_sequence VALUES('socialaccount_socialtoken',0);
INSERT INTO sqlite_sequence VALUES('socialaccount_socialaccount',2);
INSERT INTO sqlite_sequence VALUES('weblinks_weblink_shared_with',34);
CREATE UNIQUE INDEX "django_content_type_app_label_model_76bd3d3b_uniq" ON "django_content_type" ("app_label", "model");
CREATE UNIQUE INDEX "auth_group_permissions_group_id_permission_id_0cd325b0_uniq" ON "auth_group_permissions" ("group_id", "permission_id");
CREATE INDEX "auth_group_permissions_group_id_b120cbf9" ON "auth_group_permissions" ("group_id");
CREATE INDEX "auth_group_permissions_permission_id_84c5c92e" ON "auth_group_permissions" ("permission_id");
CREATE UNIQUE INDEX "auth_permission_content_type_id_codename_01ab375a_uniq" ON "auth_permission" ("content_type_id", "codename");
CREATE INDEX "auth_permission_content_type_id_2f476e4b" ON "auth_permission" ("content_type_id");
CREATE UNIQUE INDEX "accounts_user_groups_user_id_group_id_59c0b32f_uniq" ON "accounts_user_groups" ("user_id", "group_id");
CREATE INDEX "accounts_user_groups_user_id_52b62117" ON "accounts_user_groups" ("user_id");
CREATE INDEX "accounts_user_groups_group_id_bd11a704" ON "accounts_user_groups" ("group_id");
CREATE UNIQUE INDEX "accounts_user_user_permissions_user_id_permission_id_2ab516c2_uniq" ON "accounts_user_user_permissions" ("user_id", "permission_id");
CREATE INDEX "accounts_user_user_permissions_user_id_e4f0a161" ON "accounts_user_user_permissions" ("user_id");
CREATE INDEX "accounts_user_user_permissions_permission_id_113bb443" ON "accounts_user_user_permissions" ("permission_id");
CREATE INDEX "django_admin_log_content_type_id_c4bce8eb" ON "django_admin_log" ("content_type_id");
CREATE INDEX "django_admin_log_user_id_c564eba6" ON "django_admin_log" ("user_id");
CREATE INDEX "django_session_expire_date_a5c62663" ON "django_session" ("expire_date");
CREATE INDEX "weblinks_weblink_created_by_id_438e0776" ON "weblinks_weblink" ("created_by_id");
CREATE UNIQUE INDEX "weblinks_weblink_shared_with_weblink_id_user_id_ad241ff9_uniq" ON "weblinks_weblink_shared_with" ("weblink_id", "user_id");
CREATE INDEX "weblinks_weblink_shared_with_weblink_id_7d28c977" ON "weblinks_weblink_shared_with" ("weblink_id");
CREATE INDEX "weblinks_weblink_shared_with_user_id_7fbc7b9a" ON "weblinks_weblink_shared_with" ("user_id");
CREATE UNIQUE INDEX "weblinks_weblink_write_permissions_weblink_id_user_id_7ae0721d_uniq" ON "weblinks_weblink_write_permissions" ("weblink_id", "user_id");
CREATE INDEX "weblinks_weblink_write_permissions_weblink_id_56419c1a" ON "weblinks_weblink_write_permissions" ("weblink_id");
CREATE INDEX "weblinks_weblink_write_permissions_user_id_35d62cb5" ON "weblinks_weblink_write_permissions" ("user_id");
CREATE INDEX "account_emailconfirmation_email_address_id_5b7f8c58" ON "account_emailconfirmation" ("email_address_id");
CREATE UNIQUE INDEX "account_emailaddress_user_id_email_987c8728_uniq" ON "account_emailaddress" ("user_id", "email");
CREATE UNIQUE INDEX "unique_verified_email" ON "account_emailaddress" ("email") WHERE "verified";
CREATE INDEX "account_emailaddress_user_id_2c513194" ON "account_emailaddress" ("user_id");
CREATE INDEX "account_emailaddress_email_03be32b2" ON "account_emailaddress" ("email");
CREATE UNIQUE INDEX "unique_primary_email" ON "account_emailaddress" ("user_id", "primary") WHERE "primary";
CREATE UNIQUE INDEX "socialaccount_socialtoken_app_id_account_id_fca4e0ac_uniq" ON "socialaccount_socialtoken" ("app_id", "account_id");
CREATE INDEX "socialaccount_socialtoken_account_id_951f210e" ON "socialaccount_socialtoken" ("account_id");
CREATE INDEX "socialaccount_socialtoken_app_id_636a42d7" ON "socialaccount_socialtoken" ("app_id");
CREATE UNIQUE INDEX "socialaccount_socialaccount_provider_uid_fc810c6e_uniq" ON "socialaccount_socialaccount" ("provider", "uid");
CREATE INDEX "socialaccount_socialaccount_user_id_8146e70c" ON "socialaccount_socialaccount" ("user_id");
COMMIT;
